"Step","Group: SmallV2 - test_acc","Group: SmallV2 - test_acc__MIN","Group: SmallV2 - test_acc__MAX","Group: L5V2 - test_acc","Group: L5V2 - test_acc__MIN","Group: L5V2 - test_acc__MAX","Group: L5BPTT - test_acc","Group: L5BPTT - test_acc__MIN","Group: L5BPTT - test_acc__MAX","Group: SmallBPTT - test_acc","Group: SmallBPTT - test_acc__MIN","Group: SmallBPTT - test_acc__MAX"
"0","24.737499999999997","20.6","27.7","22.2","11.9","30.1","31.987500000000004","25.7","37","28.2","16.4","37.5"
"1","39.21249999999999","30.7","43.8","37.75","18.6","46","40.75","36.8","46.5","39.125","28.5","45.9"
"2","38.7125","32","45.3","36.625","28","45.4","35.825","28.8","44.3","32.962500000000006","26.8","41.5"
"3","49.775","44.5","53.7","47.0875","25.7","60","40.512499999999996","32.9","52.1","38.625","28.2","54"
"4","47.6","45.4","50.5","47.7375","30.8","55.3","42.775","37.8","48.1","38.56249999999999","26.9","43.2"
"5","56.12500000000001","44.1","61.6","57.612500000000004","35.8","64.3","50.887499999999996","46.5","56.1","49.45","41.6","56.7"
"6","50.2125","44.4","56.4","56.4375","41.3","67.3","44.7875","41.2","50.6","42.65","32.8","49.4"
"7","52.474999999999994","42.5","57.2","60.125","36.3","72.1","50.61249999999999","44","55.3","48.3","42","54.8"
"8","67.4375","56.2","73.1","68.2625","37.9","79.3","53.9625","44.5","61.6","50.012499999999996","39.9","59.7"
"9","70.0125","63.4","75.2","75.575","62.9","81.8","59.9","57.2","66","54.72500000000001","52.3","60.8"
"10","70.16250000000001","60.9","77.2","72.53750000000001","58.7","78.7","54.512499999999996","42.3","66.3","41.525000000000006","30.8","64.2"
"11","68.1625","59","74.7","71.78750000000001","54.9","81.9","73.4625","68.2","78.6","63.349999999999994","53.3","70.5"
"12","67.52499999999999","63.3","71.7","71.6375","55.9","79.3","61.68750000000001","55.1","68","55.3875","50","59.9"
"13","74.1125","67.3","78.5","78.1875","71","85.3","66.725","62.6","71.9","53.099999999999994","46","69.3"
"14","70.275","59.2","76.1","72.4","56.1","80.8","75.075","70.4","78","64.1875","57.1","71.8"
"15","69.95","64.4","75.2","74.175","65.1","78.4","74.1125","66.4","79.8","64.05000000000001","49.4","73.2"
"16","72.8625","63.4","80.4","73.4125","53.3","83.6","74.9625","67.8","80.8","67.63750000000002","64.3","74.5"
"17","76.675","70.6","81.4","80.47500000000001","69","85.9","76","69.8","78.1","70.47500000000001","64.7","76"
"18","79.28750000000001","73.3","84.7","84.075","74","89.1","75.7875","68.4","81.5","66.5625","57.7","74"
"19","70.375","56.1","79.8","71.9875","48","88.5","80.55","77.3","82.6","72.58749999999999","69.2","77.4"
"20","80.41250000000001","74.3","85.4","78.625","62.4","87.2","81.96249999999999","76.8","86","75.98750000000001","72","83.5"
"21","81.2625","76.5","84.1","82.42500000000001","66.2","89.7","79.7875","74.3","83.1","70.8125","63","79.9"
"22","82.5125","76","87","81.88749999999999","59.4","89.7","82.7125","77.5","87.3","79.8","73.5","85.4"
"23","83.02499999999999","76.9","85.8","87.85","82.3","90.9","86.12499999999999","80.8","90.4","79.1375","74.4","83.7"
"24","79.7","71.9","84.4","79.8","65.8","85.7","84.1375","79.5","87.8","78.3","73.7","81.5"
"25","82.81249999999999","78.1","86.4","83.15","66.9","89.4","84.85","81.3","88.5","79.73750000000001","75.2","84.3"
"26","79.3875","74.6","82.9","82.44999999999999","77","86.9","85.58749999999999","81.1","89.1","79.5875","75.9","82.8"
"27","81.425","77.1","84.9","82.6625","70.8","86.7","84.06250000000001","79.6","88.8","73.5625","67.9","84"
"28","82.86250000000001","73.4","87.6","87.57500000000002","81.4","89.9","85.53750000000001","83.4","88.4","77.91250000000001","67.5","84"
"29","84.88749999999999","80.6","87.1","86.55","77.2","90.2","81.125","75.1","86.3","69.0625","61.1","77.2"
"30","84.91250000000001","80.2","88.3","88.325","81.2","90.8","83.3375","79.8","86.7","78.325","75.8","79.9"
"31","83.14999999999999","80.5","85.6","85.4375","79.2","89.6","88.58750000000002","82.9","90.8","83.25","79","86"
"32","86.1125","83.3","90","88.31250000000001","84","91.8","90.83749999999999","89.1","91.9","87.35","85.8","88.3"
"33","85.27499999999999","79","88.7","88.4625","79.2","91.3","90.00000000000001","87.7","93.1","84.46249999999999","77.8","86.9"
"34","84.26249999999999","81.4","86.4","88.1625","81.7","90","83.475","79.8","87.3","77.02499999999999","73.3","83.8"
"35","78.4375","74","83.3","82.525","73.8","88.7","87.39999999999999","84.3","90.5","79.5625","75.2","85.9"
"36","81.825","74.2","87.3","80.9","68.7","86.6","88.58749999999999","86","90.4","83.65","81.4","85.5"
"37","83.48750000000001","79.2","86","85.1375","79.5","88.6","88.5375","86.8","90.1","82.68750000000001","79.6","86.6"
"38","87.55000000000001","83.5","89.3","90.0125","85.7","92","88.625","85.1","90.7","82.27499999999999","74.5","85.4"
"39","87.94999999999999","83.2","90.2","89.53750000000001","81","92.9","91.7375","89.8","93.7","88.4875","86.6","90.4"
"40","82.4375","78.8","86.3","83.675","75.7","90.5","87.03750000000001","81.4","92.7","85.37499999999999","79.6","89.4"
"41","85.325","80.5","90.3","84.97500000000001","67.4","91.4","89.9125","86.3","92.3","86.08750000000002","83.1","87.3"
"42","90.71249999999999","88.5","92.4","90.17500000000001","83.5","93.4","92.61249999999998","90.9","94.3","89.2875","87.2","91"
"43","85.30000000000001","81.4","88.7","87.62500000000001","81.2","91.9","91.43749999999999","89.8","93.6","87.7625","83.8","89.7"
"44","88.9875","86.2","91.9","91.0375","82.2","93.5","93.25000000000001","92.5","95.2","89.17500000000001","87","92"
"45","89.075","85.6","92.4","89.2875","84.8","92.5","91.8125","91.3","92.1","86.95","84.4","88.6"
"46","88.31249999999999","85.4","90.7","90.7375","86.4","93.3","94.1625","93.1","95.3","88.475","84.8","91.2"
"47","85.45","82.9","87.7","88.025","84.9","92.1","93.49999999999999","92.6","95","87.8","86","89.1"
"48","90.0625","88.2","91.7","91.125","88.6","92.9","93.425","92.1","94.5","89.03750000000002","85.9","90.7"
"49","90.1","88","92.8","89.9625","85.6","92.2","90.96249999999999","87.7","93.5","87.10000000000001","79.7","90.5"
"50","90.8875","89.2","92.8","91.8","89.2","93.2","92.6","91.6","94","89.075","85.7","91.3"
"51","88.9","85.8","90.9","91.31249999999999","88.8","93.9","93.44999999999999","91.3","94.9","90.0625","87.8","91.1"
"52","89.08749999999999","84.9","91.6","89.55000000000001","85.6","92.2","92.20000000000002","90.1","94.2","87.3625","85.3","89.1"
"53","89.39999999999999","87.3","93.6","90","82.5","93.6","94","93.2","95","89.5625","87.7","91.1"
"54","81.56250000000001","71.6","88.9","83.76249999999999","70.4","89","89.3875","84.2","92.3","85.58749999999999","80.6","88.9"
"55","89.0875","86.1","90.7","89.7375","85.7","92.4","91.975","88.5","94","88.1","85.1","91.2"
"56","91.6625","90.5","93","91.8375","90.2","93.3","93.55","92.4","94.8","88.9625","85.8","90.3"
"57","87.50000000000001","83.2","90.8","89.48749999999998","79","94.4","94.0125","92.4","95.1","89.1","84.4","92.1"
"58","89.7","86.3","92.2","91.02499999999999","83.5","93.5","94.6375","93.8","95.3","92.05","90.4","93.8"
"59","90.45","88.7","92.4","92.41250000000001","89.1","94.6","94.01249999999999","93.3","95.1","91.75","90.6","93.7"
"60","88.3125","86.4","89.5","89.375","83.3","93.1","92.075","90.7","92.9","88.37499999999999","85.5","90.4"
"61","90.50000000000001","85.2","93.1","92.675","86.3","95.4","94.7375","94.1","96.3","91.4875","89.1","92.9"
"62","90.01249999999999","87.1","92.9","90.425","88.5","91.5","93.9375","93","95.1","89.71249999999999","88","91.8"
"63","91.925","90.5","93.4","92.6875","90","94.6","93.53750000000001","90.6","95.7","91","84.4","93.4"
"64","89.675","84.9","92.6","89.1125","76.6","93.8","93.8875","92.5","94.8","89.73750000000001","88.1","93.1"
"65","90.2","88.1","91.5","91.925","87.1","95","95.625","95","96.4","91.16250000000001","86.9","93.5"
"66","91.1375","88.8","93.3","91.9375","84.6","95.8","94.325","93.4","95.5","91.96249999999999","89.6","93.8"
"67","90.89999999999999","88.2","93.4","91.1875","83.1","94.3","93.5125","91.9","95","90.81249999999999","88.6","92.3"
"68","89.06250000000001","86.6","90.7","91.54999999999998","88.1","93.6","94.31250000000001","93.1","96.1","90.9875","89","93.3"
"69","87.88749999999999","85.1","90","89.71249999999999","84.4","93","93.875","92.3","95.5","90.725","89.3","92.9"
"70","90.37499999999999","89","92.4","89.4375","81.5","92.1","92.47500000000001","90.4","93.6","88.375","85.5","90.8"
"71","90.2625","87.6","92.3","91.74999999999999","86.6","93.4","95.02499999999999","94.6","95.8","92.5","91.3","93.2"
"72","91.7","90.6","93.8","92.66250000000001","90.7","94.7","94.97500000000001","93.5","96","92.27499999999999","91.1","93.5"
"73","92.85000000000001","91.6","93.7","94.33749999999999","92.7","95.5","95.60000000000001","94.5","96.1","93.05","89.6","94.4"
"74","93.2125","92.5","94.6","93.89999999999999","90.2","95.7","94.6125","93","95.5","92.5375","91","93.7"
"75","93.0375","91.5","94.9","94.2625","92.4","95.6","93.96249999999999","92.7","95.3","90.83749999999999","88.8","93.2"
"76","90.73750000000001","87.2","93.4","93.1875","89","95","94.9875","93.3","96.5","92.87499999999999","92","93.8"
"77","90.6","88","91.7","92.25000000000001","86.9","94.6","92.15","89","94.4","88.7375","85.9","91.6"
"78","93.025","91.7","93.7","94.27499999999999","93","95","94.675","93.9","95.7","91.64999999999999","90.4","92.4"
"79","93.1625","89.6","95.2","94.28750000000001","90.1","96","94.45","92.6","95.4","89.88750000000002","88.4","92.5"
"80","92.2875","91","94.6","93.125","91","94.1","95.5375","94.4","96.5","92.075","87.9","94.2"
"81","92.1125","91","93.5","93.2625","90.3","95.1","94.6","92.7","96.2","92.35","90","93.9"
"82","92.525","90.2","94.4","94.375","92.5","95.8","95.72500000000001","95","96.5","92.4125","90.3","94.4"
"83","93.07499999999999","92","93.5","94.475","92.4","95.5","94.21249999999999","93.4","94.9","91.54999999999998","86.3","92.8"
"84","92.05","90.3","92.9","93.1875","91","94.7","95.48749999999998","94.7","96.6","92.76250000000002","91.1","94.2"
"85","93.3125","92","94.3","93.8125","91.4","95.8","96.1875","95.6","96.8","93.99999999999999","92.9","94.9"
"86","93.46249999999999","92.6","95.4","94.8","92.9","96.1","96.2","95.6","96.7","93.775","91.7","95.2"
"87","92.0875","91.3","93","94.43749999999999","93.5","95.5","95.89999999999999","95.5","96.3","92.8875","92.2","94.2"
"88","92.5125","90","94.3","94.825","93.5","96","95.625","94.9","96.1","93.1375","91.2","94.2"
"89","91.3625","88.8","93.2","92.65","88.8","94","95.92499999999998","95.5","96.8","93.9375","92.9","94.7"
"90","93.7625","92.9","94.8","95.2125","94","96.2","95.2","94.4","95.8","93.0375","92.1","93.7"
"91","92.24999999999999","89.3","93.6","94.0875","90.8","96","95.675","93.8","96.6","93.95","91.4","95.2"
"92","92.25","90.5","93.5","94.475","91","95.8","96.5375","96.1","97.4","94.1","93.1","94.9"
"93","92.12500000000001","89.4","93.1","94.58749999999999","92.8","95.4","96.05","95.5","96.7","93.36250000000001","92.4","94.3"
"94","93.71249999999999","93.1","94.4","95.37499999999999","94.7","95.8","95.28750000000001","94.3","96.3","92.475","91.4","93.8"
"95","92.6","91.8","93.7","94.475","92.7","95.8","95.41250000000001","94.5","96.2","92.95000000000002","92.3","94.1"
"96","90.96249999999999","88.5","93.4","94.37499999999999","92","96.1","95.55000000000001","94.6","96.2","94.0125","93.4","94.9"
"97","91.56250000000001","89.7","93.6","93.9875","90.4","96","96.81250000000001","96.3","97.5","94.33749999999999","93.8","94.9"
"98","93.25","92","94.4","95.16250000000001","93.2","96.4","96.38749999999999","95.2","97.2","94.325","92.7","95.9"
"99","93.03750000000001","91.5","94.2","94.81250000000001","93.3","96.6","95.7125","94.9","96.7","94.0875","92.1","95"
"100","93.17500000000001","92","94.5","95.05","91.4","96.7","95.45","95","95.8","93.80000000000001","92.7","94.7"
"101","94.4875","93.2","95.6","95.88750000000002","94.6","96.7","95.8625","95.2","96.8","93.875","92.9","95.4"
"102","94.525","93.8","95.3","95.3","93.8","96.3","96.325","95.9","96.6","94.9125","94.6","95.6"
"103","93.76249999999999","93","95.2","95.42500000000001","94.2","96.2","94.85","92","96","92.9","91.3","94.1"
"104","94.2625","93.2","95.3","95.74999999999999","94.7","96.3","96.5","95.9","97","93.6125","92.6","94.3"
"105","93.625","92.4","94.3","95.2375","94.6","96","96.5375","96.2","96.9","94.6875","94","95.6"
"106","93.64999999999999","92.8","94.5","95.725","94.3","96.8","96.3375","95.5","97.2","94.2875","93.1","94.8"
"107","94.8","93.7","95.7","96.58749999999999","95.7","97.3","96.7625","96.5","97.3","95.075","94.2","95.8"
"108","93.94999999999999","92.8","95.4","94.58749999999999","92.8","95.8","96.1625","95.5","97.1","94.725","93.9","95.6"
"109","93.75","93","94.9","95.50000000000001","94.5","96.8","96.58750000000002","95.8","97.2","94.62499999999999","93.8","95.4"
"110","92.5625","91.4","93.7","93.36250000000001","88","95.2","96.67500000000001","96.2","97.4","94.85","94.1","95.8"
"111","94.77499999999999","93.8","96.1","95.5625","94.7","96.6","95.8875","95.2","96.2","93.8875","93","94.7"
"112","93.625","92.7","94.5","95.30000000000001","94.2","96","95.76249999999999","95.1","96.4","93.575","91.3","94.5"
"113","93.89999999999999","92.4","94.9","95.7125","93.6","97.2","95.6","94.8","96.8","93.86249999999998","92.9","94.5"
"114","94.76249999999999","94.1","95.5","96.3375","95.8","97","95.8","95","96.5","93.975","92.4","95.1"
"115","94.21249999999999","93.3","96.2","95.55","94.8","96.1","96.6875","95.9","97.1","94.05","93.3","94.8"
"116","94.89999999999999","94.3","95.9","96.53750000000001","95.7","97.4","96.5125","96.2","96.8","94.15","93.4","95.2"
"117","95.0875","94.4","95.6","96.55","95.8","97.4","97.05","96.6","97.3","95.2125","93.9","96.4"
"118","94.60000000000001","93.9","95.5","96.07499999999999","95.1","96.8","96.33749999999999","95.6","96.9","94.7","94.1","95.7"
"119","94.66250000000001","94.2","95.2","96","95.4","96.5","96.375","96.1","96.8","94.4625","93.1","95"
"120","94.9625","93.8","96.3","96.625","95.9","97.8","96.85000000000002","96.2","97.2","95.21249999999999","94.8","95.8"
"121","94.1125","92.7","95.2","96.15","95.6","96.9","96.7","96","97.1","94.58749999999999","93.5","95.6"
"122","93.71249999999999","92.7","94.6","95.68749999999999","94.8","96.4","96","95.4","96.6","94.64999999999999","93.6","95.3"
"123","94.00000000000001","93","95","95.95","94.8","97","96.725","96.1","97.6","95.0375","94.6","95.7"
"124","95.275","94.2","96.3","96.60000000000001","96.2","97","97.21249999999999","96.8","97.6","95.71249999999999","95.3","96.1"
"125","95.3","94.6","96.5","96.9","96.6","97.4","96.58749999999999","95.5","97.4","95.15","94.2","96"
"126","95.50000000000001","94.7","96.8","96.625","96","97.2","97.35","96.7","97.7","95.875","95.4","96.5"
"127","94.8625","93.9","96.3","96.49999999999999","95.8","97.1","97.0375","96.4","97.5","95.8625","95","96.4"
"128","94.07500000000002","93.5","94.8","96.05","95.2","96.5","96.925","96.3","97.5","95.3","94.7","96"
"129","94.77499999999999","93.8","95.7","96.32499999999999","95","96.9","97.1625","96.8","97.6","95.64999999999999","95","96.3"
"130","94.8875","94.1","95.7","96.49999999999999","95.8","97.2","96.9125","96.6","97.3","94.9875","94.6","95.7"
"131","94.75","94.3","95.7","96.7875","96.4","97.2","96.925","96.3","97.6","95.5875","95.3","95.8"
"132","95.125","94","95.8","96.775","96.2","97.3","96.42500000000001","95.9","97.1","94.9","94.4","95.4"
"133","95.42499999999998","94.8","96.2","96.4125","95.7","96.9","96.6875","96.1","97.2","94.99999999999999","94.6","95.3"
"134","94.8","93.7","96.5","96.55000000000001","95.9","96.9","96.6625","96.2","97.4","95.2625","94.6","96"
"135","94.9125","93.9","95.9","96.1125","94.9","96.8","97.06250000000001","96.8","97.7","95.71249999999999","95.2","96.1"
"136","95.18750000000001","94.4","96","96.925","96.1","97.3","96.58749999999999","95.8","97.2","95.66250000000001","95.2","96.2"
"137","95.225","94.5","95.9","96.725","96.1","97.1","97.33749999999999","96.9","97.6","95.5","95","95.9"
"138","95.025","94.4","96.4","96.425","95.9","96.7","97.01249999999999","96.5","97.5","95.42500000000001","94.6","95.9"
"139","95.9125","95.5","96.7","96.9375","96.5","97.3","96.8625","96.4","97.1","95.66250000000001","95","96"
"140","96.1","95.2","96.7","97.1","96.8","97.3","97.4375","96.8","97.7","96.13750000000002","95.3","96.9"
"141","95.91250000000001","94.9","96.5","96.95","96.3","97.3","97.35000000000001","97.2","97.6","96.1375","95.8","96.6"
"142","95.575","94.8","96.9","96.9875","96.6","97.4","97.4","96.9","97.9","96","95.4","96.3"
"143","95.7125","95.2","96.8","97.25","96.6","97.8","97.19999999999999","96.9","97.4","95.55","95.1","96"
"144","95.41249999999998","94.7","97.2","96.65","96","97.2","97.075","96.8","97.7","95.8","95","96.2"
"145","95.5","94.4","97","96.57499999999999","96","97.2","97.0625","96.6","97.3","95.85","95.4","96.2"
"146","95.95","95.2","97.4","97.23750000000001","97","97.6","97.06249999999999","96.8","97.4","95.78750000000001","95.4","96.3"
"147","95.2375","94.8","96.2","96.74999999999999","96.4","97","97.2625","96.9","97.8","95.8","95.1","96.3"
"148","95.8875","95.4","96.5","97.21249999999999","96.8","97.5","97.31250000000001","96.8","97.7","96.02499999999999","95.8","96.4"
"149","95.51250000000002","94.7","96.4","96.72500000000001","96.1","97.3","97.22500000000001","97","97.6","95.7","95.4","96"
"150","95.8625","95.2","97.1","96.9375","96.5","97.6","97.225","96.8","97.8","96.14999999999999","95.9","96.5"
"151","95.575","94.6","97","96.52499999999999","95.8","96.9","97.125","96.8","97.5","96.0875","95.4","96.5"
"152","95.7375","95","96.8","97.24999999999999","97","97.5","97.18750000000001","96.9","97.4","96.025","95.6","96.3"
"153","96.08749999999999","95.5","97.5","97.13750000000002","96.7","97.5","97","96.6","97.5","95.6375","95.4","96"
"154","96.3","95.5","97.3","97.15","96.8","97.9","97.4125","96.8","97.9","95.71249999999998","95.3","96.1"
"155","96.1625","95.5","97.3","97.10000000000001","96.7","97.5","97.46249999999999","97.1","97.9","96.18749999999999","95.5","96.6"
"156","96","95.5","97","97.0625","96.6","97.4","97.51249999999999","97.1","97.9","96.2875","96","96.6"
"157","95.63749999999999","95.1","96.7","97.3","97","97.7","97.41250000000001","97.1","97.7","96.225","95.7","96.6"
"158","95.8","95.1","97.3","96.825","96.3","97.1","97.325","96.9","97.8","96.1875","96","96.6"
"159","95.83750000000002","95.2","97.1","96.9875","96.6","97.3","97.28750000000001","96.9","97.6","96.00000000000001","95.7","96.1"
"160","95.6625","95.1","96.7","97.075","96.4","97.5","97.46249999999999","97","97.9","96.28750000000001","95.8","96.6"
"161","96.3125","95.5","97.3","97.36250000000001","97.1","98","97.375","97.1","97.6","96.29999999999998","95.9","96.6"
"162","96.1875","95.4","97.7","97.26250000000002","96.9","97.7","97.325","97","97.8","96.0125","95.6","96.4"
"163","96.22500000000001","95.3","97.3","97.2625","97.1","97.7","97.4375","97","97.7","96.25","95.9","96.6"
"164","96.175","95.6","97.2","97.225","97","97.7","97.425","97","97.8","96.3625","95.9","96.5"
"165","96.3","95.4","97.5","97.225","96.8","97.7","97.33749999999999","97","97.8","96.32499999999999","96","96.7"
"166","96.13749999999999","95.4","97.2","97.13749999999999","96.7","97.7","97.39999999999999","96.7","97.8","96.26249999999999","96","96.6"
"167","96.0625","95.2","97.2","97.13749999999999","96.8","97.5","97.49999999999999","97.1","97.9","96.34999999999998","96","96.7"
"168","96.1","95.5","97.3","97.275","96.8","97.6","97.36250000000001","97.1","97.7","96.25","95.9","96.5"
"169","96.1","95.4","96.7","97.14999999999999","96.9","97.7","97.4125","96.9","97.9","96.3","95.9","96.6"
"170","96.08749999999999","95.4","97.2","97.175","96.8","97.7","97.4125","97.1","97.7","96.27499999999999","95.8","96.6"
"171","96.175","95.3","97.3","97.0875","96.6","97.4","97.3","97","97.8","96.2125","95.9","96.5"
"172","96.225","95.5","97.3","97.175","96.9","97.7","97.325","97","97.7","96.2625","95.9","96.6"
"173","96.1625","95.5","97","97.25","96.9","97.7","97.39999999999999","97.1","97.7","96.325","95.9","96.6"
"174","96.18749999999999","95.5","97.1","97.2625","96.9","97.7","97.38750000000002","97","97.7","96.3125","95.8","96.6"
"175","96.17500000000001","95.5","97.3","97.22500000000001","96.9","97.7","97.37500000000001","97.1","97.7","96.325","95.9","96.6"
"176","96.16250000000001","95.4","97.3","97.225","96.9","97.7","97.38750000000002","97","97.7","96.3","95.9","96.7"
"177","96.15","95.4","97.2","97.2375","96.9","97.7","97.375","97.1","97.7","96.28750000000001","95.8","96.6"
"178","96.175","95.4","97.2","97.225","96.9","97.7","97.37500000000001","97.1","97.7","96.31250000000001","95.9","96.6"
"179","96.18749999999999","95.5","97.2","97.225","96.9","97.7","97.36250000000001","97.1","97.7","96.31250000000001","95.9","96.6"