"Name","State","Notes","User","Tags","Created","Runtime","Sweep","data_config.corr_noise_scale","data_config.duration","data_config.final_seq_length","data_config.iid_noise_scale","data_config.max_translation","data_config.num_samples","data_config.pad","data_config.padding","data_config.prepad","data_config.scale_coeff","data_config.seed","data_config.shear_scale","data_config.shuffle_seq","data_config.template_len","data_config.train_split","data_config.url","general_config.device","general_config.dt","general_config.seed","general_config.short_training_run","general_config.visual_kernel","model_config.Ins_size","model_config.LP_size","model_config.Tau0","model_config.Tau1","model_config.Tau2","model_config.Tau3","model_config.activation","model_config.n_in","model_config.n_out","model_config.num_Ins_layers","model_config.num_LP_layers","model_config.reducedNonlinear","train_config.answer_period","train_config.batch_size","train_config.learning_rate","train_config.num_epochs","train_config.num_prefetch_batch","train_config.num_workers","model_config.Tau4","model_config.answer_period","model_config.rho_scale","model_config.skip_connection","model_config.upsample","train_config.method","train_config.update_interval","epoch","test_acc","test_loss","train_loss","Best Test Acc"
"true-forest-178","finished","-","","Keep","2026-03-15T22:38:56.000Z","2515","","0.25","360","360","0.02","48","5000","","[36,60]","0","0.4","42","0.75","false","12","0.8","https://github.com/greydanus/mnist1d/raw/master/mnist1d_data.pkl","cuda","1","3407","false","false","[72]","[36,54,60,60]","[1,10,6]","[3,6]","[2,7]","[2.5,8]","tanh","1","10","1","4","false","","100","0.01","150","","","","360","0.6","false","false","BPTT","-1","150","96.1","0.14871297776699066","0.18899856507778168","96.1"
"sunny-dew-177","finished","-","","Keep","2026-03-15T22:36:40.000Z","2520","","0.25","360","360","0.02","48","5000","","[36,60]","0","0.4","42","0.75","false","12","0.8","https://github.com/greydanus/mnist1d/raw/master/mnist1d_data.pkl","cuda","1","428","false","false","[120]","[60,90,90,90]","[1,10,6]","[3,6]","[2,7]","[2.5,8]","tanh","1","10","1","4","false","","100","0.01","150","","","","360","0.6","false","false","BPTT","-1","150","94.7","0.1487610787153244","0.18872062861919403","95.1"
"flowing-capybara-176","finished","-","","Keep","2026-03-15T21:57:34.000Z","2456","","0.25","360","360","0.02","48","5000","","[36,60]","0","0.4","42","0.75","false","12","0.8","https://github.com/greydanus/mnist1d/raw/master/mnist1d_data.pkl","cuda","1","42","false","false","[120]","[60,90,90,90]","[1,10,6]","[3,6]","[2,7]","[2.5,8]","tanh","1","10","1","4","false","","100","0.01","150","","","","360","0.6","false","false","BPTT","-1","150","96.7","0.14492188394069672","0.1865018755197525","96.8"
"blooming-field-175","finished","-","","Keep","2026-03-15T21:53:34.000Z","2533","","0.25","360","360","0.02","48","5000","","[36,60]","0","0.4","42","0.75","false","12","0.8","https://github.com/greydanus/mnist1d/raw/master/mnist1d_data.pkl","cuda","1","3407","false","false","[120]","[60,90,90,90]","[1,10,6]","[3,6]","[2,7]","[2.5,8]","tanh","1","10","1","4","false","","100","0.01","150","","","","360","0.6","false","false","BPTT","-1","150","96.7","0.14366663992404938","0.1855713576078415","97"
"morning-lake-174","finished","-","","Keep","2026-03-15T21:06:49.000Z","3011","","0.25","360","360","0.02","48","5000","","[36,60]","0","0.4","42","0.75","false","12","0.8","https://github.com/greydanus/mnist1d/raw/master/mnist1d_data.pkl","cuda","1","781","false","false","[72]","[60,60,60,60,72]","[1,10,6]","[3,6]","[2,7]","[1,8]","tanh","1","10","1","5","false","","100","0.01","150","","","[2.5,6.6]","360","0.6","true","false","BPTT","-1","150","95.9","0.14485812187194824","0.1866435408592224","96.3"
"super-planet-173","finished","-","","Keep","2026-03-15T21:02:24.000Z","3027","","0.25","360","360","0.02","48","5000","","[36,60]","0","0.4","42","0.75","false","12","0.8","https://github.com/greydanus/mnist1d/raw/master/mnist1d_data.pkl","cuda","1","428","false","false","[72]","[60,60,60,60,72]","[1,10,6]","[3,6]","[2,7]","[1,8]","tanh","1","10","1","5","false","","100","0.01","150","","","[2.5,6.6]","360","0.6","true","false","BPTT","-1","150","95.8","0.14613032341003418","0.18748605251312256","96"
"genial-resonance-172","finished","-","","Keep","2026-03-15T20:16:13.000Z","3015","","0.25","360","360","0.02","48","5000","","[36,60]","0","0.4","42","0.75","false","12","0.8","https://github.com/greydanus/mnist1d/raw/master/mnist1d_data.pkl","cuda","1","42","false","false","[72]","[60,60,60,60,72]","[1,10,6]","[3,6]","[2,7]","[1,8]","tanh","1","10","1","5","false","","100","0.01","150","","","[2.5,6.6]","360","0.6","true","false","BPTT","-1","150","95.6","0.14298297464847565","0.1854779422283173","95.9"
"divine-deluge-171","finished","-","","Keep","2026-03-15T20:12:30.000Z","2979","","0.25","360","360","0.02","48","5000","","[36,60]","0","0.4","42","0.75","false","12","0.8","https://github.com/greydanus/mnist1d/raw/master/mnist1d_data.pkl","cuda","1","0","false","false","[72]","[60,60,60,60,72]","[1,10,6]","[3,6]","[2,7]","[1,8]","tanh","1","10","1","5","false","","100","0.01","150","","","[2.5,6.6]","360","0.6","true","false","BPTT","-1","150","96.6","0.1445312649011612","0.1864856630563736","96.8"
"light-frog-170","finished","-","","Keep","2026-03-15T19:25:09.000Z","3043","","0.25","360","360","0.02","48","5000","","[36,60]","0","0.4","42","0.75","false","12","0.8","https://github.com/greydanus/mnist1d/raw/master/mnist1d_data.pkl","cuda","1","3407","false","false","[72]","[60,60,60,60,72]","[1,10,6]","[3,6]","[2,7]","[1,8]","tanh","1","10","1","5","false","","100","0.01","150","","","[2.5,6.6]","360","0.6","true","false","BPTT","-1","150","95","0.14697997272014618","0.18760526180267337","95.2"
"breezy-mountain-169","finished","-","","Keep","2026-03-15T19:02:07.000Z","4177","","0.25","360","360","0.02","48","5000","","[36,60]","0","0.4","42","0.75","false","12","0.8","https://github.com/greydanus/mnist1d/raw/master/mnist1d_data.pkl","cuda","1","3407","false","false","[72]","[60,60,60,60,72]","[1,10,6]","[3,6]","[2,7]","[1,8]","tanh","1","10","1","5","false","","100","0.01","150","","","[2.5,6.6]","360","0.6","true","false","KP","-1","150","95.2","0.1469685584306717","0.14518772289156914","95.5"
"chocolate-dawn-168","finished","-","","Keep","2026-03-15T18:15:02.000Z","4187","","0.25","360","360","0.02","48","5000","","[36,60]","0","0.4","42","0.75","false","12","0.8","https://github.com/greydanus/mnist1d/raw/master/mnist1d_data.pkl","cuda","1","428","false","false","[72]","[60,60,60,60,72]","[1,10,6]","[3,6]","[2,7]","[1,8]","tanh","1","10","1","5","false","","100","0.01","150","","","[2.5,6.6]","360","0.6","true","false","KP","-1","150","96","0.1446189135313034","0.14334352388978006","96.1"
"lilac-sea-167","finished","-","","Keep","2026-03-15T17:52:53.000Z","4093","","0.25","360","360","0.02","48","5000","","[36,60]","0","0.4","42","0.75","false","12","0.8","https://github.com/greydanus/mnist1d/raw/master/mnist1d_data.pkl","cuda","1","42","false","false","[72]","[60,60,60,60,72]","[1,10,6]","[3,6]","[2,7]","[1,8]","tanh","1","10","1","5","false","","100","0.01","150","","","[2.5,6.6]","360","0.6","true","false","KP","-1","150","95.8","0.14498935639858246","0.14346415549516678","95.9"
"comfy-field-166","finished","-","","Keep","2026-03-15T17:03:00.000Z","4252","","0.25","360","360","0.02","48","5000","","[36,60]","0","0.4","42","0.75","false","12","0.8","https://github.com/greydanus/mnist1d/raw/master/mnist1d_data.pkl","cuda","1","781","false","false","[72]","[60,60,60,60,72]","[1,10,6]","[3,6]","[2,7]","[1,8]","tanh","1","10","1","5","false","","100","0.01","150","","","[2.5,6.6]","360","0.6","true","false","KP","-1","150","95.6","0.14488914608955383","0.14345127157866955","96"
"peachy-disco-165","finished","-","","Keep","2026-03-15T16:32:39.000Z","4142","","0.25","360","360","0.02","48","5000","","[36,60]","0","0.4","42","0.75","false","12","0.8","https://github.com/greydanus/mnist1d/raw/master/mnist1d_data.pkl","cuda","1","0","false","false","[72]","[60,60,60,60,72]","[1,10,6]","[3,6]","[2,7]","[1,8]","tanh","1","10","1","5","false","","100","0.01","150","","","[2.5,6.6]","360","0.6","true","false","KP","-1","150","95.7","0.14685721695423126","0.14562626890838146","95.8"
"flowing-plasma-164","finished","-","","Keep","2026-03-15T16:03:33.000Z","3480","","0.25","360","360","0.02","48","5000","","[36,60]","0","0.4","42","0.75","false","12","0.8","https://github.com/greydanus/mnist1d/raw/master/mnist1d_data.pkl","cuda","1","3407","false","false","[120]","[60,90,90,90]","[1,10,6]","[3,6]","[2,7]","[2.5,8]","tanh","1","10","1","4","false","","100","0.01","150","","","","360","0.6","false","false","KP","-1","150","94.9","0.1499803364276886","0.14814171977341176","95.3"
"eternal-mountain-163","finished","-","","Keep","2026-03-15T15:35:17.000Z","3418","","0.25","360","360","0.02","48","5000","","[36,60]","0","0.4","42","0.75","false","12","0.8","https://github.com/greydanus/mnist1d/raw/master/mnist1d_data.pkl","cuda","1","42","false","false","[120]","[60,90,90,90]","[1,10,6]","[3,6]","[2,7]","[2.5,8]","tanh","1","10","1","4","false","","100","0.01","150","","","","360","0.6","false","false","KP","-1","150","94.7","0.15033288300037384","0.14847654104232788","95"
"dutiful-bird-162","finished","-","","Keep","2026-03-15T15:04:14.000Z","3512","","0.25","360","360","0.02","48","5000","","[36,60]","0","0.4","42","0.75","false","12","0.8","https://github.com/greydanus/mnist1d/raw/master/mnist1d_data.pkl","cuda","1","428","false","false","[120]","[60,90,90,90]","[1,10,6]","[3,6]","[2,7]","[2.5,8]","tanh","1","10","1","4","false","","100","0.01","150","","","","360","0.6","false","false","KP","-1","150","95","0.14858384430408478","0.1467969872057438","95.3"
"olive-firebrand-161","finished","-","","Keep","2026-03-15T14:53:09.000Z","2497","","0.25","360","360","0.02","48","5000","","[36,60]","0","0.4","42","0.75","false","12","0.8","https://github.com/greydanus/mnist1d/raw/master/mnist1d_data.pkl","cuda","1","781","false","false","[120]","[60,90,90,90]","[1,10,6]","[3,6]","[2,7]","[2.5,8]","tanh","1","10","1","4","false","","100","0.01","150","","","","360","0.6","false","false","BPTT","-1","150","96.2","0.144058957695961","0.18601274490356445","96.2"
"pleasant-snowball-159","finished","-","","Keep","2026-03-15T14:16:57.000Z","2770","","0.25","360","360","0.02","48","5000","","[36,60]","0","0.4","42","0.75","false","12","0.8","https://github.com/greydanus/mnist1d/raw/master/mnist1d_data.pkl","cuda","1","0","false","false","[120]","[60,90,90,90]","[1,10,6]","[3,6]","[2,7]","[2.5,8]","tanh","1","10","1","4","false","","100","0.01","150","","","","360","0.6","false","false","BPTT","-1","150","95.4","0.14998319745063782","0.18939092755317688","95.6"
"glad-salad-158","finished","-","","Keep","2026-03-15T13:54:14.000Z","3510","","0.25","360","360","0.02","48","5000","","[36,60]","0","0.4","42","0.75","false","12","0.8","https://github.com/greydanus/mnist1d/raw/master/mnist1d_data.pkl","cuda","1","781","false","false","[120]","[60,90,90,90]","[1,10,6]","[3,6]","[2,7]","[2.5,8]","tanh","1","10","1","4","false","","100","0.01","150","","","","360","0.6","false","false","KP","-1","150","95","0.1499546766281128","0.14810084886848926","95.1"
"ruby-dust-157","finished","-","","Keep","2026-03-15T13:17:18.000Z","3513","","0.25","360","360","0.02","48","5000","","[36,60]","0","0.4","42","0.75","false","12","0.8","https://github.com/greydanus/mnist1d/raw/master/mnist1d_data.pkl","cuda","1","0","false","false","[120]","[60,90,90,90]","[1,10,6]","[3,6]","[2,7]","[2.5,8]","tanh","1","10","1","4","false","","100","0.01","150","","","","360","0.6","false","false","KP","-1","150","94.5","0.15081709623336792","0.14911022931337356","95"
"generous-pyramid-156","finished","-","","Keep","2026-03-15T13:11:15.000Z","2525","","0.25","360","360","0.02","48","5000","","[36,60]","0","0.4","42","0.75","false","12","0.8","https://github.com/greydanus/mnist1d/raw/master/mnist1d_data.pkl","cuda","1","42","false","false","[72]","[36,54,60,60]","[1,10,6]","[3,6]","[2,7]","[2.5,8]","tanh","1","10","1","4","false","","100","0.01","150","","","","360","0.6","false","false","BPTT","-1","150","95.1","0.1473221629858017","0.1882789134979248","95.5"
"major-leaf-155","finished","-","","Keep","2026-03-15T12:23:53.000Z","2713","","0.25","360","360","0.02","48","5000","","[36,60]","0","0.4","42","0.75","false","12","0.8","https://github.com/greydanus/mnist1d/raw/master/mnist1d_data.pkl","cuda","1","781","false","false","[72]","[36,54,60,60]","[1,10,6]","[3,6]","[2,7]","[2.5,8]","tanh","1","10","1","4","false","","100","0.01","150","","","","360","0.6","false","false","BPTT","-1","150","95.3","0.14809314906597135","0.18829284608364105","95.6"
"lively-hill-154","finished","-","","Keep","2026-03-15T12:18:35.000Z","3427","","0.25","360","360","0.02","48","5000","","[36,60]","0","0.4","42","0.75","false","12","0.8","https://github.com/greydanus/mnist1d/raw/master/mnist1d_data.pkl","cuda","1","42","false","false","[72]","[36,54,60,60]","[1,10,6]","[3,6]","[2,7]","[2.5,8]","tanh","1","10","1","4","false","","100","0.01","150","","","","360","0.6","false","false","KP","-1","150","94.3","0.15325598418712616","0.1519686568528414","94.5"
"upbeat-brook-153","finished","-","","Keep","2026-03-15T11:22:04.000Z","3517","","0.25","360","360","0.02","48","5000","","[36,60]","0","0.4","42","0.75","false","12","0.8","https://github.com/greydanus/mnist1d/raw/master/mnist1d_data.pkl","cuda","1","781","false","false","[72]","[36,54,60,60]","[1,10,6]","[3,6]","[2,7]","[2.5,8]","tanh","1","10","1","4","false","","100","0.01","150","","","","360","0.6","false","false","KP","-1","150","93.1","0.15481257438659668","0.15331723168492317","93.9"
"logical-microwave-152","finished","-","","Keep","2026-03-15T11:19:47.000Z","3487","","0.25","360","360","0.02","48","5000","","[36,60]","0","0.4","42","0.75","false","12","0.8","https://github.com/greydanus/mnist1d/raw/master/mnist1d_data.pkl","cuda","1","3407","false","false","[72]","[36,54,60,60]","[1,10,6]","[3,6]","[2,7]","[2.5,8]","tanh","1","10","1","4","false","","100","0.01","150","","","","360","0.6","false","false","KP","-1","150","93.9","0.15340527892112732","0.15180678591132163","94.6"
"distinctive-durian-147","finished","-","","Keep","2026-03-15T08:44:38.000Z","3427","","0.25","360","360","0.02","48","5000","","[36,60]","0","0.4","42","0.75","false","12","0.8","https://github.com/greydanus/mnist1d/raw/master/mnist1d_data.pkl","cuda","1","0","false","false","[72]","[36,54,60,60]","[1,10,6]","[3,6]","[2,7]","[2.5,8]","tanh","1","10","1","4","false","","100","0.01","150","","","","360","0.6","false","false","KP","-1","150","91.6","0.1585460603237152","0.15722148567438127","91.9"
"deep-water-146","finished","-","","Keep","2026-03-15T08:43:35.000Z","3440","","0.25","360","360","0.02","48","5000","","[36,60]","0","0.4","42","0.75","false","12","0.8","https://github.com/greydanus/mnist1d/raw/master/mnist1d_data.pkl","cuda","1","428","false","false","[72]","[36,54,60,60]","[1,10,6]","[3,6]","[2,7]","[2.5,8]","tanh","1","10","1","4","false","","100","0.01","150","","","","360","0.6","false","false","KP","-1","150","93.4","0.15456396341323853","0.15323864445090293","93.7"
"jumping-smoke-144","finished","-","","Keep","2026-03-15T08:01:48.000Z","2531","","0.25","360","360","0.02","48","5000","","[36,60]","0","0.4","42","0.75","false","12","0.8","https://github.com/greydanus/mnist1d/raw/master/mnist1d_data.pkl","cuda","1","0","false","false","[72]","[36,54,60,60]","[1,10,6]","[3,6]","[2,7]","[2.5,8]","tanh","1","10","1","4","false","","100","0.01","150","","","","360","0.6","false","false","BPTT","-1","150","93.7","0.1531755030155182","0.19121569395065308","94.2"
"bumbling-smoke-144","finished","-","","Keep","2026-03-15T08:01:48.000Z","2484","","0.25","360","360","0.02","48","5000","","[36,60]","0","0.4","42","0.75","false","12","0.8","https://github.com/greydanus/mnist1d/raw/master/mnist1d_data.pkl","cuda","1","428","false","false","[72]","[36,54,60,60]","[1,10,6]","[3,6]","[2,7]","[2.5,8]","tanh","1","10","1","4","false","","100","0.01","150","","","","360","0.6","false","false","BPTT","-1","150","95.7","0.1499316245317459","0.18935063481330872","96.1"