"Step","Group: small_BPTT - test_acc","Group: small_BPTT - test_acc__MIN","Group: small_BPTT - test_acc__MAX","Group: Large_BPTT - test_acc","Group: Large_BPTT - test_acc__MIN","Group: Large_BPTT - test_acc__MAX","Group: skip_BPTT - test_acc","Group: skip_BPTT - test_acc__MIN","Group: skip_BPTT - test_acc__MAX","Group: skip - test_acc","Group: skip - test_acc__MIN","Group: skip - test_acc__MAX","Group: Large - test_acc","Group: Large - test_acc__MIN","Group: Large - test_acc__MAX","Group: Small - test_acc","Group: Small - test_acc__MIN","Group: Small - test_acc__MAX"
"0","25.1","16.4","30.1","23.779999999999998","20.7","31.1","26.540000000000003","20.5","32.9","28.439999999999998","22.2","39.1","21.080000000000002","14","28.6","28.02","19.9","34.3"
"1","41.56","34.3","46.8","39","34.4","43.7","36.080000000000005","31.8","39.9","42.17999999999999","37.8","46","38.7","29.3","42.4","38.84","34.6","43.9"
"2","42","38.6","46.5","33.86","29.5","36.9","34.16","32.6","36.3","35.4","28.8","43.1","27.840000000000003","24.3","35.6","38.28","29.8","43.2"
"3","43.739999999999995","39.7","50.1","36.96","23","42.5","36.44","34.6","40","47.74","41.6","57.5","48.6","37.5","55.4","47.42","37.8","54.5"
"4","42.239999999999995","39.9","47.9","41.260000000000005","32","47.3","41.08","35.8","46.6","44.980000000000004","38.3","49.9","44.02","39.2","46.2","42.54","36.7","45.3"
"5","53.4","50.2","56","46.040000000000006","31.7","52.4","47.56","42.9","54.9","54.46","47.4","59.9","48.82","36.1","55.4","51.18000000000001","48.8","52.6"
"6","51.540000000000006","45","56.7","44.9","32.1","57.8","50.220000000000006","42.5","53.7","42.940000000000005","37.2","51.8","37.49999999999999","32.3","41.8","41.779999999999994","39.8","43"
"7","51.620000000000005","46.5","57.6","47.379999999999995","41.3","57.2","48.98","43.4","52.8","49.78000000000001","40.9","57.3","47.839999999999996","40.1","53.3","52.92","49.6","55.9"
"8","55.239999999999995","51.7","57.7","44.08","36.6","56.3","53.379999999999995","47.2","58.7","61.24000000000001","53.8","66","59","52.4","66.2","60.339999999999996","54.4","62.6"
"9","52.379999999999995","50.5","53.5","53.239999999999995","46.2","56.9","56.61999999999999","55.5","58.8","60.92","53.3","67.1","60.2","56.7","65.4","61.52","60.5","63"
"10","57.02","49.1","62.7","52.779999999999994","42.3","68.9","50.36","38.4","63.1","67.04","60.6","74.6","61.620000000000005","53.7","65.4","63.839999999999996","60.9","68.3"
"11","66.38","61.1","69.9","60.6","52.2","71.4","65.35999999999999","61","68.9","62.739999999999995","55.1","69.1","61.84000000000001","44.3","69.7","67.34","62.2","71.1"
"12","61.02","55.8","64.5","52.08","40.2","60","61.84000000000001","55.8","67.9","60.739999999999995","50.3","72.2","59.3","54.6","61.8","60.839999999999996","54.6","66.4"
"13","60.040000000000006","55.1","65.4","57.96","48","64.3","60.86","51.7","65.3","73.9","64.5","79.1","67.44000000000001","46.9","75","69.76","67.5","71.5"
"14","67.86","65.1","70","63.8","51","69.9","69.86","65","74.4","67.9","63.3","71.1","73.52000000000001","65","78.9","71.8","69.2","74.4"
"15","73.91999999999999","71.1","77.3","69.44000000000001","53.4","75.4","74.52000000000001","70.8","77","67.94","63.7","72.3","65.36000000000001","54.7","73.4","68.72","64.3","72.8"
"16","72.8","69","75.8","69.35999999999999","59.4","75","72.92","67.7","80.9","70","51.3","79.8","71.82000000000001","49.5","78.6","74.38","71.3","76.7"
"17","74.26","72.9","76.7","67.86","54.2","75.6","76.32000000000001","73.1","79","74.74000000000001","72.6","76.6","70.1","56.2","76","73.03999999999999","69.6","75.1"
"18","72.44","70.8","77","70.74","57","79.6","73.22","63.6","81.6","76.41999999999999","71.7","81","79.1","70.2","82.5","77.62","75.8","79.2"
"19","73.82","71","75.2","74.02000000000001","69.7","77.7","74.46","69.8","78.5","81.04","79.4","81.8","77.64","68.2","82.3","77.72","76.6","80.8"
"20","80.03999999999999","76.8","83.4","73.97999999999999","56.5","82.1","78.9","73.4","82.7","74.85999999999999","63.7","80.6","80.7","73.5","83.5","78.34","73.1","81"
"21","76.5","70.1","81.7","70.55999999999999","59.6","80.6","75.82","73.2","79.3","78.47999999999999","76.1","81.5","77.64","65.6","83.3","78.12","75.2","80"
"22","81.67999999999999","80.5","82.9","79.86000000000001","68.5","86.4","82.32000000000001","76.5","86.8","82.2","78.4","83.9","79.82000000000001","68.4","83.6","80.8","78.1","84.4"
"23","77.52000000000001","75.7","79.5","77.17999999999999","72.1","82.5","78.6","76.9","79.5","78.88","70.1","85.9","75.16","71.9","79.2","79.02000000000001","75.7","80.8"
"24","82.56","81.4","84.2","80.08","73.8","85.2","82.03999999999999","73.1","87.8","82.14000000000001","79.1","85.4","83.4","75.2","89.4","84.58000000000001","82.9","86.4"
"25","81.62","79.3","83","78.96000000000001","66.7","85.2","84.8","82.8","86.8","78.58","64.5","85","79.60000000000001","73.3","83.6","78.82000000000001","75.8","80.3"
"26","82.12","79.3","83.7","79.02000000000001","73.5","84","80.46000000000001","76.4","86.7","83.4","79.6","85.9","78.52000000000001","67.6","83.6","82.58","78.7","84.9"
"27","77.72","71.7","81.1","78.55999999999999","72.6","85.7","75.23999999999998","66.5","84.4","82.3","80.6","84.3","80.75999999999999","77.4","83.1","80.02000000000001","79.1","81.6"
"28","86.1","84","87.5","77.46","54.8","87.1","84.38000000000001","80.3","88.3","79.11999999999999","75.6","83.1","83.82","75.6","87.3","82.38","79.1","84.6"
"29","79.6","75.8","84.1","73.72","61.8","86.8","81.7","76.8","85.2","81.14000000000001","72.3","88.4","83.72","72.6","87.3","82.02","78.6","85.3"
"30","81.9","79.6","84.4","82.02000000000001","69.2","88","81.14","71.4","85","80.9","77","86.6","83.6","78.6","86.8","81.9","78","83.9"
"31","83.66","81.1","86.4","84.91999999999999","82.7","88","85.56","82","89.1","80.98","77.3","83.4","84.2","80.6","86.9","83.36","81.8","85"
"32","86.47999999999999","84.5","88.2","88.3","85.3","90.3","85.94","81.2","88.8","87.47999999999999","81.4","90.1","85.72","79.7","88.6","87.32000000000001","86.3","88.5"
"33","85.92","84.5","87.4","84.72","78.8","86.7","85.54","83.2","88.3","85.7","80.1","88.6","83.84","79.5","86.3","83.85999999999999","83.1","84.8"
"34","84.72","82.2","88.7","81.35999999999999","74.3","87.5","84.82000000000001","78.9","87.7","82.02","76.4","87","84.5","79.7","87.1","80.86","76.7","82.8"
"35","84.74","80.6","87.3","82.88000000000001","74.2","87.9","86.24","80.5","89.5","82.3","76.3","86.4","83.82","79.6","87.7","83.19999999999999","79.3","85.2"
"36","85.5","82.6","87.5","85.28","79.6","88.1","88.38000000000001","83","91","83.5","79.5","86.1","84.28","80.3","86.3","84.22","81","86.1"
"37","86.44000000000001","84.9","89.1","84.66","80.6","87.2","82.64","76.1","87.6","80.85999999999999","72.3","85.9","84.34","80.3","87.2","84.62","83.6","87.3"
"38","85.58","82.8","87.6","85.92","83.8","87.9","84.32","80.3","86.7","84.28","80.4","89.8","84.94","82.2","86.3","84.66","82.3","86.7"
"39","88","86.2","90.1","89.22","86.6","90.9","90.14000000000001","89.4","91.5","90.9","89.4","92.4","89.02","85.1","91.2","88.7","86.8","90.1"
"40","87.1","81.8","90","88.22","83.1","91.2","88.53999999999999","86.7","89.5","84.72","83","85.8","85.62","83.2","89.8","85.53999999999999","84","87.2"
"41","87.04","86.1","88.3","89.47999999999999","88.1","90.6","87.84","85.9","91.1","87.84","84.6","90.2","86.17999999999999","84","89.2","86.16000000000001","84.2","88.1"
"42","89.64000000000001","88.2","90.6","90.84","89.6","92.2","90.46000000000001","89.2","90.9","91.56000000000002","90.4","92.9","91.08","90.3","91.8","89.24","88.7","90"
"43","87.2","85","88.3","87.11999999999999","80.4","90.5","89.67999999999999","88.8","91","88.34","82.7","92.9","87.6","80.9","90.9","87.30000000000001","84.8","88.8"
"44","90.24","89.4","90.9","89.58","86.4","93.4","91.16","89","92.9","90.74000000000001","86.5","93.6","91.52","88.6","93.1","89.92","89.1","90.8"
"45","89.93999999999998","88.6","90.9","90.5","89.9","91.6","91.14","89.7","92.2","89.52000000000001","86.4","92.2","89.94000000000001","87.8","91.2","90.08","88.9","90.9"
"46","89.42","88.3","90.2","90.9","88.2","92.3","90.82000000000001","88.9","92.2","91.84","90.6","93","89.53999999999999","87.6","91.3","89","87.5","90.2"
"47","85.6","83.7","88.1","89.28000000000002","83.9","91.9","89.3","87.3","90.2","90.12","87.6","92.3","88.54","86.5","89.5","86.78","84.6","87.6"
"48","89.32","88.4","91.2","91.46000000000001","90.4","92.8","91.08","88.8","91.9","91.10000000000001","89.5","92.3","89.17999999999999","88.2","90.7","87.92","86.7","88.7"
"49","90.03999999999999","89","90.8","90.56","87.2","93.3","89.82000000000001","82.4","92.1","91.12","89.4","92.4","90.20000000000002","88.2","91.4","88.58","87.4","89.6"
"50","90.55999999999999","89.6","91.8","90.4","89.2","91.7","91.7","89.6","94","91.4","89.2","93.4","90.4","87.9","91.6","89.17999999999999","89","89.9"
"51","90.82000000000001","90","91.8","91.24000000000001","88","93.3","90.16","83.3","92.8","90.44","85.3","92.3","90.8","87.7","91.9","90.18","88.9","91"
"52","89.94000000000001","88.4","91.9","91.24000000000001","87.9","93.7","91.49999999999999","89.6","92.5","90.03999999999999","88.4","92","90.23999999999998","87.7","91.9","88.94","88.4","89.8"
"53","91.24","89.9","92.7","92.4","90.9","94.6","92.42","90.9","93","91","88.7","92.2","90.9","88.3","93.1","88.92","87.5","89.6"
"54","89.22","86.8","91.2","89.29999999999998","84.3","92.6","90.66","88.3","91.9","88.42","82.2","91.6","88.58","81.6","91.2","87.3","86.7","88.2"
"55","89.82000000000001","88","91.9","91.67999999999999","90.2","93.1","90.17999999999999","85.7","92.8","91.32000000000001","89.4","92.7","89.9","85.2","91.8","89.74","89.5","90"
"56","90.4","88.9","91.9","92.9","91.1","94.7","92.3","90.3","93.5","93.25999999999999","92.2","94.1","91.44000000000001","88.8","92.6","90.03999999999999","89.2","90.7"
"57","91.33999999999999","90","92.2","92.9","91.4","94.4","93.22","92.5","94","92.49999999999999","88.8","94.2","92.32000000000001","89.4","93.7","91.4","89.8","92.5"
"58","90.72","88.1","92.2","93.03999999999999","92.1","94","93.52000000000001","92.1","94.3","93.3","92.2","94.3","92.02000000000001","90.4","93.4","91.03999999999999","90.2","91.6"
"59","92.66","91.5","93.5","93.92","92.9","95.2","93.8","92.2","94.9","93.2","91.4","94.6","92.24","91.3","92.7","91.3","90.3","92"
"60","90.24000000000001","88.9","91.1","92.39999999999999","90.9","94.3","92.08","90.7","93.4","92.66","91.4","93.8","91.36","88.4","92.9","91.3","90.1","92.1"
"61","91.8","90.9","93.6","93.1","92.3","94.2","92.72","91.8","94.2","92.98","91.2","94.2","92.75999999999999","92","93.2","91.38","90.2","92.4"
"62","91.55999999999999","89.6","92.5","92.44000000000001","90.6","94","93.24000000000001","92.4","93.8","93","91.1","95.1","91.66","87.6","93.2","91.22","89.5","92"
"63","92.6","92","93.4","93.38000000000001","91.4","94.4","94.12000000000002","93.3","94.8","93.78","91.7","95.1","92.5","91.9","93.4","91.58000000000001","90.8","91.9"
"64","91.25999999999999","90","92.4","92.66","89.1","94.6","92.7","91.4","94","92.88","91.5","93.8","92.88","92.1","93.5","91.42","89.5","92.4"
"65","92.20000000000002","91.1","93.4","94.42","92.5","95.5","94.16000000000001","92.3","95.5","93.54","91.5","95","92.98","91","93.8","90.72","90","92.1"
"66","91.53999999999999","90.1","92.5","93.35999999999999","92.3","94.9","93.53999999999999","92.5","94.2","92.78","90.3","94.5","93.34","92.9","93.6","91.6","90.6","92.5"
"67","91.06","89.2","92.7","92.74","91.2","93.7","92.97999999999999","91.7","95.1","92.72","91.3","93.5","92.17999999999999","91","93","90.47999999999999","88.8","92.3"
"68","92.02","90","94.2","94.08000000000001","92.8","95.7","94.56","93.4","95.6","94.28","92.8","95.2","93.5","92.4","94.1","91.3","89.8","92.6"
"69","91.74","90.6","92.7","92.67999999999999","90.7","94.8","93.74000000000001","92.6","94.8","93.28","92.2","94.6","92.02000000000001","90.8","92.7","90.66","89.8","91.7"
"70","92.08000000000001","91","92.8","93.52000000000001","92.3","94.2","93.5","92.4","94.6","92.72","91.8","94","92.28","91.5","93.2","90.66","89.5","91.2"
"71","93.48","92.5","94.4","94.5","93.4","95.8","94.22","92.9","94.9","93.89999999999999","92.1","95.2","93.4","93.1","93.8","92.35999999999999","91.4","92.9"
"72","93.7","92.7","94.8","94.64","93.7","95.3","93.42","92.2","94.9","94.1","93.1","95.2","93.76","93","94.8","92.58000000000001","91.4","93.2"
"73","92.6","91.5","93.5","94.04","93.4","94.5","94.56","93.5","95.3","93.82000000000001","91.9","95.3","93.78","93.2","94.6","92.26","91.3","93.1"
"74","93.14","92.5","93.7","94.82000000000001","94.3","95.4","94.3","93.8","95","94.16000000000001","92.8","94.9","93.12","92.6","93.6","92.4","91.2","92.9"
"75","92.34","91.6","93.3","94.17999999999999","92.7","95.5","94.02000000000001","93.1","94.8","93.91999999999999","92.6","94.8","93.52000000000001","92.7","94.2","91.76000000000002","91.1","92.4"
"76","93.44","91.2","94.4","94.62","93.6","95.3","94.52000000000001","93.4","95.7","93.78","91.6","94.8","93.16","92.3","94.2","92.17999999999999","91.2","92.8"
"77","92.96","92.3","94.4","94.28","92.6","95.1","94.5","93.9","95.2","93.94000000000001","91.8","95.2","92.02","90.8","93","92.05999999999999","91.5","92.4"
"78","93.52","92.9","94.2","95","94.1","95.5","94.74000000000001","94","95.4","94.74000000000001","93.8","95.3","93.42","93.1","94","92.63999999999999","91.2","93.3"
"79","93.34","92.5","94","94.38","92.8","95.3","94.38000000000001","93.7","95.1","94.38","93.4","95","93.32000000000001","92.2","94.3","92.22","91","93"
"80","92.78","90.7","94.1","94.18","91","95.8","93.72","91.9","94.7","94.02","93.2","94.4","93.66","93","94.5","91.8","90.9","92.3"
"81","94.04","92.5","95","95.26000000000002","94.9","96.1","94.84","93.6","95.7","94.72","93.1","95.7","93.86","92.4","94.6","92.64000000000001","91.3","93.4"
"82","94.24000000000001","93","95.6","95.05999999999999","94.2","96","94.85999999999999","94","96","94.86","94.4","95.7","94.17999999999999","93.6","94.8","92.47999999999999","91.1","93.4"
"83","93.16","91.7","94.3","94.41999999999999","93","95.7","94.42","93.2","95.2","94.62","93.4","95.6","93.47999999999999","92.9","94.6","92.08","90.3","93.2"
"84","93.92","93.1","94.9","95.28","94.8","96","95.55999999999999","95","96.2","95.22","94.8","96.1","94.3","93.8","94.7","92.7","91.7","93.3"
"85","94.14","93.7","94.8","95.22","94.3","96","94.74000000000001","94.3","95.1","95.18","94.3","95.8","94.12","93.7","94.5","92.75999999999999","91.9","93.2"
"86","94.43999999999998","93.3","95.3","95.73999999999998","94.8","96.4","95.52","94.9","96.1","95.06000000000002","94.2","95.8","94.82000000000001","94.6","95.1","93.03999999999999","91.9","93.9"
"87","93.44000000000001","92.6","94.4","94.94000000000001","93.9","95.7","94.96","94.3","96.2","94.94","93.9","95.8","93.8","93.3","94.5","92.54","91.3","93.2"
"88","93.36","92.3","94.2","94.9","94","95.3","94.7","93.9","95.1","94.7","94.1","95.4","93.7","92.7","94.4","92.12","90.8","92.9"
"89","93.72","92.7","94.9","94.84","93.7","95.5","94.67999999999999","94","95.3","94.64","94","95.4","93.47999999999999","93","94","92.12","90.9","93"
"90","93.84","93.1","94.3","95.1","94.2","96","94.94000000000001","94.4","95.7","95.34","94.7","95.8","94.16","93.8","94.8","92.97999999999999","91.7","94.2"
"91","94.54","93.5","95.4","95.62","94.7","96.2","95.26","94.3","95.8","95.02000000000001","94","96","94.46000000000001","94.2","94.7","93.03999999999999","91.9","94.1"
"92","94.06000000000002","92.6","95.5","95.32","93.8","96.8","94.88","94.1","95.3","95.24","94.4","95.9","94.44","94.2","94.8","93.02","91.1","94"
"93","94.03999999999999","92.5","95.4","95.14000000000001","93.8","96.4","95.32000000000001","95","95.7","94.82000000000001","93.5","95.3","94.02000000000001","93.8","94.4","92.66","91.2","93.3"
"94","93.8","92.2","94.6","95.32000000000001","94.8","96","94.96","94.6","95.2","94.05999999999999","92.9","95.1","94.08","93.9","94.6","92.55999999999999","91.1","93.1"
"95","94.2","93.6","94.9","95.4","94.4","96","95.3","95.1","95.7","94.72","94","95.4","94.3","93.7","94.5","92.53999999999999","91.1","93.2"
"96","94.18","93.1","94.8","95.2","93.8","96","95","94.5","95.6","94.96000000000001","94.1","95.8","94.1","93.7","94.7","92.56000000000002","91.3","93.1"
"97","94.47999999999999","93.7","95.4","95.74","94.5","96.5","95.72","95","96.6","95.4","94.6","95.9","94.62","93.8","95.3","93.24000000000001","91.9","93.9"
"98","94.28","92.9","95.3","95.42","94.5","95.8","95.44","95.1","96.1","95","94.6","95.4","94.14000000000001","93.9","94.5","92.54","91.3","93.2"
"99","94.6","92.9","95.9","95.78","94.4","96.7","95.35999999999999","94.5","95.8","95.47999999999999","95.1","95.9","94.7","94.4","95","93.19999999999999","91.5","94.1"
"100","94.62","93.3","95.2","95.46000000000001","94.8","96.1","95.46000000000001","95","95.8","94.96000000000001","93.6","95.9","94.11999999999999","93.7","94.4","92.88","91.2","94.2"
"101","94.05999999999999","92.9","95","95.42","94.3","96.1","95.58000000000001","95","96.3","95.16","94.5","95.4","94.56","93.7","95.1","93.05999999999999","91.5","93.8"
"102","94.39999999999999","93.2","95","95.56000000000002","94.4","96.2","95.38000000000001","95.2","95.9","95.44000000000001","95.1","95.9","94.5","94.1","94.9","93.1","91.5","94.2"
"103","94.42","92.9","95.1","95.28","94.5","95.8","95.51999999999998","95.1","96.2","95.14","94.7","95.5","94.4","94.1","94.7","92.60000000000001","91.1","93.3"
"104","94.24","93.6","94.7","95.2","94.3","95.8","95.42","95","96.4","95.24000000000001","94.3","95.6","94.4","94.1","95","93.1","91.7","94"
"105","94.92","93.3","96.1","95.88","94.7","97","95.52000000000001","94.8","96.3","95.38","94.9","95.8","94.76","94.5","94.9","93.48","91.6","94.6"
"106","94.56000000000002","93.6","95.1","95.64","94.8","96.3","95.66","95.1","96.3","95.4","94.7","96.1","94.5","94","94.9","92.82000000000001","91.4","93.3"
"107","94.8","93.5","95.6","95.5","94.4","96.2","95.66","95.1","96.2","95.14000000000001","94.4","95.8","94.72","94.4","95.1","93.16000000000001","91.5","94.4"
"108","94.52","93.7","95","95.86","95.1","96.4","95.82000000000001","95.2","96.3","95.72","95.2","96.1","94.96000000000001","94.7","95.3","93.06","91.2","94"
"109","94.74","93.1","96","95.8","95","96.8","95.58","94.9","96.5","95.56","95.3","95.8","94.84","94.6","95.1","93.26","91.8","93.8"
"110","94.58000000000001","93.5","95.4","95.64000000000001","94.5","96.4","95.6","94.9","96.5","95.3","94.9","95.7","94.62","94.1","95","93","91.7","93.6"
"111","94.41999999999999","92.9","95.6","95.82000000000001","94.9","96.6","95.44000000000001","95","95.9","95.52000000000001","95.2","96","94.67999999999999","94.6","94.9","93.16000000000001","91.5","94.3"
"112","94.68","93.1","95.7","95.68","95","96.1","95.66","95.1","96.3","95.44000000000001","94.9","95.9","94.55999999999999","94.2","94.7","93.12","91.5","93.8"
"113","94.6","93","95.4","95.64000000000001","94.9","96.3","95.8","95.1","96.3","95.48","95","95.9","94.6","94.2","94.9","93.08000000000001","91.5","93.9"
"114","94.78","93.6","95.4","95.97999999999999","95","96.8","95.63999999999999","94.9","96.6","95.67999999999999","95.3","96","94.86","94.5","95.2","93.4","91.6","94.2"
"115","94.2","93.2","95.2","95.6","94.7","96.3","95.44000000000001","95.1","95.6","95.35999999999999","94.5","95.8","94.34","94","94.9","92.78","91.7","93.1"
"116","94.48","93.1","95.2","95.49999999999999","94.3","96.2","95.47999999999999","95.2","95.8","95.50000000000001","94.9","95.9","94.67999999999999","94.3","95.1","93.20000000000002","91.6","94"
"117","94.38","93.4","95.1","95.58","94.6","96.1","95.63999999999999","94.9","96.4","95.58","95","96","94.46000000000001","94.2","94.9","93","91.6","93.5"
"118","95","94.2","95.7","95.66","94.6","96.4","95.66000000000001","95.1","96.4","95.34","94.4","95.8","94.61999999999999","94.2","94.9","93.48","91.7","94.4"
"119","95.03999999999999","93.6","95.9","95.82000000000001","94.4","96.7","95.67999999999999","95.1","96.2","95.54","95","95.9","94.62","94.4","94.8","93.14000000000001","91.7","93.8"
"120","94.60000000000001","93.4","95.2","95.8","94.7","96.4","95.53999999999999","95.2","96","95.25999999999999","94.8","95.6","94.6","94.4","94.8","93.16","91.5","94.3"
"121","95.22","93.8","96.1","95.78","94.5","96.6","95.47999999999999","95.1","95.9","95.41999999999999","95","95.7","94.92","94.5","95.2","93.38","91.8","94.3"
"122","94.74","93.3","95.8","95.66","94.7","96.4","95.75999999999999","95","96.4","95.42","94.8","95.9","94.52000000000001","94.4","94.7","93.1","91.5","94"
"123","94.74","93.6","95.9","95.72","94.5","96.6","95.72000000000001","94.8","96.6","95.52","95.1","96.1","94.62","94.5","94.9","93.1","91.7","93.7"
"124","94.8","93.9","95.4","95.66","94.4","96.5","95.62","95","96.1","95.55999999999999","95.3","95.9","94.72","94.5","94.8","93.32","91.6","94.4"
"125","95.06","93.4","95.8","95.9","94.6","96.7","95.58","94.9","96.3","95.64000000000001","95.2","96.1","94.92","94.6","95.1","93.36","91.6","94.3"
"126","94.94","93.3","95.8","95.86000000000001","94.8","96.8","95.7","95","96.7","95.64000000000001","95.2","95.9","94.82000000000001","94.5","95","93.19999999999999","91.6","94.2"
"127","94.58000000000001","93.3","95.5","95.66","94.6","96.4","95.64000000000001","95","96.1","95.63999999999999","95.3","95.9","94.6","94.5","94.7","93.18","91.6","94.2"
"128","95.04","93.6","95.8","95.8","94.6","96.6","95.63999999999999","94.9","96.1","95.64000000000001","95.3","96","94.83999999999999","94.6","95.1","93.46000000000001","91.7","94.4"
"129","94.88","93.7","96","95.82000000000001","94.5","96.7","95.72","95","96.6","95.72","95.5","96","94.84","94.8","94.9","93.2","91.8","93.8"
"130","94.78","93.4","95.7","95.78","94.6","96.6","95.6","95","96.4","95.58000000000001","95.1","95.9","94.9","94.7","95.3","93.28","91.5","94.1"
"131","95.03999999999999","93.7","96.1","95.92","94.7","96.7","95.67999999999999","95","96.5","95.62","95","95.9","94.75999999999999","94.5","94.9","93.35999999999999","91.5","94.5"
"132","94.92","93.8","95.8","95.78","94.7","96.5","95.72","95","96.5","95.58000000000001","95","96","94.78","94.4","95","93.23999999999998","91.7","94.2"
"133","95.03999999999999","93.9","95.7","95.9","94.7","96.7","95.66","95","96.4","95.46000000000001","94.5","95.9","94.72","94.4","95.1","93.3","91.6","94.3"
"134","95","93.7","95.8","95.72","94.7","96.6","95.68","95","96.2","95.58","95","95.9","94.7","94.6","94.9","93.30000000000001","91.6","94.4"
"135","95.04","93.7","96","95.84","94.7","96.6","95.78","95","96.7","95.64","95.3","96","94.67999999999999","94.4","94.8","93.3","91.7","94.3"
"136","95","93.4","95.8","95.78","94.6","96.5","95.66","95","96.3","95.55999999999999","95.2","96","94.67999999999999","94.5","95","93.26","91.6","94.3"
"137","95.22","93.5","96.1","95.78","94.6","96.5","95.72","95","96.6","95.64","95.3","95.9","94.84","94.6","95","93.33999999999999","91.6","94.3"
"138","95.04","93.7","95.9","95.91999999999999","94.7","96.6","95.78","95","96.7","95.62","95.3","96","94.7","94.4","94.9","93.33999999999999","91.6","94.2"
"139","95.06","93.6","95.8","95.86000000000001","94.7","96.6","95.67999999999999","95","96.5","95.58","95","96","94.78","94.7","94.9","93.28","91.6","94"
"140","95.22","93.9","95.9","95.92","94.7","96.8","95.74","95","96.7","95.6","95.2","96","94.7","94.4","94.9","93.25999999999999","91.6","94.3"
"141","95.24000000000001","93.7","95.9","95.85999999999999","94.7","96.6","95.78","95","96.8","95.66","95.2","96","94.72","94.4","95","93.28","91.6","94.3"
"142","95.22","93.8","96","95.83999999999999","94.6","96.6","95.78","95","96.7","95.60000000000001","95.2","95.9","94.8","94.4","95.1","93.44000000000001","91.7","94.4"
"143","95.14","93.8","95.9","95.86000000000001","94.7","96.6","95.8","95","96.6","95.58000000000001","95","96","94.76","94.5","95","93.32000000000001","91.6","94.4"
"144","95.03999999999999","93.6","95.9","95.9","94.7","96.7","95.72","95","96.5","95.60000000000001","95.2","95.9","94.84","94.6","95.1","93.28","91.6","94.1"
"145","95.16","93.8","96","95.88","94.7","96.6","95.72","95","96.5","95.64","95.3","96","94.84","94.5","95.1","93.31999999999998","91.6","94.2"
"146","95","93.7","95.8","95.85999999999999","94.7","96.7","95.74","95","96.5","95.66","95.2","96","94.82","94.5","95.1","93.3","91.6","94.3"
"147","95.14","93.7","96","95.88","94.7","96.6","95.76","95","96.7","95.56","95","95.9","94.78","94.5","95.1","93.35999999999999","91.6","94.3"
"148","95.2","93.8","95.9","95.88","94.7","96.6","95.74000000000001","95","96.6","95.61999999999999","95.2","96","94.78","94.5","95","93.3","91.6","94.3"
"149","95.17999999999999","93.7","96.1","95.94000000000001","94.7","96.7","95.78","95","96.6","95.66","95.2","96","94.82000000000001","94.5","95","93.25999999999999","91.6","94.3"