"Step","Group: L5OSTL - test_acc","Group: L5OSTL - test_acc__MIN","Group: L5OSTL - test_acc__MAX","Group: SmallOSTL - test_acc","Group: SmallOSTL - test_acc__MIN","Group: SmallOSTL - test_acc__MAX"
"0","26.183333333333334","20.6","28","26.612499999999997","21.4","30.1"
"1","38.93333333333333","34.7","44.9","34.112500000000004","28.1","40.7"
"2","32.73333333333333","26.3","41.3","31.087499999999995","20.7","36.6"
"3","43.98333333333333","38.9","48.7","46.5375","37.9","51.4"
"4","49.16666666666666","45.3","53.7","43.5875","40.8","46.9"
"5","56.099999999999994","49.8","62.8","52.025","39.6","59.5"
"6","47.88333333333333","41.5","54.9","44.8125","31","49.8"
"7","52.23333333333333","42.5","60.7","49.162499999999994","44.2","54.9"
"8","59.35","48.3","64","61.025","50.1","65.6"
"9","60.65","53.7","66.1","61.31250000000001","57.1","65.7"
"10","68.3","64.8","71.1","64.7625","44.1","73.3"
"11","68.11666666666666","56.6","78.1","62.05","49.1","73"
"12","64.2","54.1","71.6","62.800000000000004","56.4","69.3"
"13","67.89999999999999","53.9","79.7","63.775","57.3","77.7"
"14","68.26666666666667","66.2","70.7","62.32500000000001","44.6","69.2"
"15","71.00000000000001","65.2","77.1","60.95","52.6","68.4"
"16","68.25","55.4","81.3","63.737500000000004","50.2","74.8"
"17","77.13333333333334","68.7","82.1","71.0125","67.6","77.1"
"18","76.66666666666667","65.5","88.1","72.5875","63.1","79.2"
"19","74.28333333333335","62.6","83.2","71.15","60.2","77.5"
"20","75.05000000000001","52.1","88.8","72.55","63.5","79.4"
"21","77.64999999999999","71.6","84","68.2125","56.8","77.2"
"22","83.01666666666667","78.1","86.2","73.2875","60.6","82.9"
"23","78.73333333333333","52.7","89.5","74.3625","62.3","82.8"
"24","78.83333333333334","75.5","82.7","76.26249999999999","68.3","84.8"
"25","78.48333333333333","54.8","88.6","70.0625","57.6","80.4"
"26","77.85","73.3","81.4","74.7625","64.4","83.1"
"27","78.98333333333333","64.8","85.6","70.175","62.9","76.1"
"28","81.86666666666666","74.4","87.7","74.41250000000001","67","82.7"
"29","86.35000000000001","82","91.5","78.8625","67.4","84.4"
"30","85.86666666666666","80.1","88.4","77.775","68.9","82.5"
"31","83.76666666666667","74.9","88.7","75.4","60.1","82.2"
"32","87.58333333333333","86.2","89.9","79.7125","74.5","85.1"
"33","83.93333333333332","74.9","90.6","75.275","62.6","83"
"34","82.41666666666667","75.6","87.5","77.2","72","85.4"
"35","77.58333333333333","72.1","83.3","74.4375","71.2","79.3"
"36","72.71666666666667","55.7","85.9","73.0125","61.5","82.2"
"37","83.43333333333332","77.6","87.7","79.0875","74.2","85.4"
"38","87.48333333333333","77.6","91.4","82.6875","75.2","86.6"
"39","89.25","84.3","92.5","82.3875","76.6","87.5"
"40","79.26666666666667","67.1","87","77.08749999999999","70.8","83"
"41","76.7","69.7","85.1","77.06250000000001","69","85.1"
"42","88.03333333333335","81.2","92.3","85.8375","79.5","89.6"
"43","83.56666666666666","76","89.6","81.1","69.5","89.4"
"44","83.23333333333333","67.3","93","82.58750000000002","76.6","90.5"
"45","84.56666666666668","74.7","91.3","84.375","80.5","87.9"
"46","90.10000000000001","84.1","93.8","83.71249999999999","74.1","88.8"
"47","85.8","81","88.8","81.78750000000001","74.4","86.2"
"48","89.48333333333333","85.3","92","85.175","77.7","88.9"
"49","86.43333333333334","82.4","91.7","83.6625","78.4","88.4"
"50","88.68333333333334","83.9","92.9","86.35","82.3","91"
"51","89.78333333333335","83.5","93.3","85.9375","81.9","87.9"
"52","88.21666666666665","83.4","93.1","84.6","78.8","90.2"
"53","87.53333333333335","69","93.8","84.2625","72.3","89.5"
"54","83.60000000000001","79.3","88.7","74.02499999999999","64.6","79.4"
"55","89","83.8","93.1","85.78750000000001","83.3","89.2"
"56","89.03333333333332","82.7","92.7","87.83749999999999","83.4","90.8"
"57","90.13333333333334","81.9","93.7","85.1625","78.2","88.2"
"58","88.05","82","93","85.5875","78.6","90.8"
"59","93.13333333333333","91.9","93.9","87.975","78.8","91.7"
"60","89.23333333333333","84.6","93.9","84.175","73.8","89.5"
"61","91.91666666666667","88.8","95.5","87.1125","83","91.5"
"62","90.36666666666666","88.3","92.9","85.56249999999999","77.7","90.8"
"63","91.58333333333333","89.4","94.2","87.11250000000001","81.1","91.8"
"64","83.5","73.3","93","82.6375","73.2","89.6"
"65","90","83.1","94.2","87.8875","81.6","91"
"66","89.93333333333332","84.1","94.5","86.6375","81.2","92"
"67","89.01666666666667","83.5","92.6","86.93749999999999","82.2","91.3"
"68","90.41666666666667","86.5","93.8","87.6125","82.3","91"
"69","83.9","77.4","93.6","82.13749999999999","72.6","89.1"
"70","90.46666666666665","85.5","93.2","87.65","83.6","90.2"
"71","90.28333333333335","88.4","94.4","87.225","78.3","91.7"
"72","89.55","83.6","94.9","87","77.2","91.7"
"73","92.68333333333334","89.6","95","91.525","90.6","92.5"
"74","90.10000000000001","86","94","87.35000000000001","81.5","92.5"
"75","89.8","80.2","94.8","87.5875","77.6","93.2"
"76","81.73333333333333","71.5","91.8","79.0625","59.8","91.1"
"77","85.33333333333333","81.7","90.3","83.94999999999999","74.2","89.6"
"78","92.46666666666665","91","95.3","89.46249999999999","85.8","93"
"79","92.61666666666667","90.3","94.4","89.07500000000002","84.8","92.8"
"80","92.39999999999999","90.1","95.1","90.10000000000001","86.5","93.1"
"81","90.55","87.6","94.6","85.4375","80.1","89.4"
"82","93.61666666666667","92.2","94.9","90.21249999999999","87.6","92.7"
"83","93.08333333333333","92","94.3","89.96249999999999","81.9","92.6"
"84","93.58333333333333","92.5","94.6","90.76250000000002","88.4","92.2"
"85","90.36666666666666","79.7","95.2","90.1625","82.7","93.5"
"86","94.06666666666666","91.8","95.4","90.525","83.9","93.7"
"87","93.39999999999999","92.2","94.7","90.8625","88","92.5"
"88","93.63333333333334","92.3","95.6","90.75","85.9","94.1"
"89","91.88333333333334","90.2","93.7","87.15","76.9","92.1"
"90","92.58333333333333","87.7","95.8","89.65000000000002","84.1","93.7"
"91","88.36666666666667","80.7","94.3","87.08749999999999","81.9","93.8"
"92","93.25","90.7","94.8","90.3625","88","92.3"
"93","93.61666666666667","92.6","94.8","88.925","87","90.7"
"94","94.86666666666667","93.8","95.8","92.2","89.5","94.3"
"95","94.64999999999999","93.1","95.5","91.62500000000001","86.9","94.2"
"96","90.06666666666668","87.5","93.3","87.38749999999999","82.7","92"
"97","92.56666666666668","86.9","95.1","89.475","83.1","93.5"
"98","94.26666666666667","91.3","95.5","91.1875","87","94.3"
"99","92.83333333333333","89.8","95","90.3375","88.2","93.1"
"100","93.43333333333332","91","94.9","89.3875","87.3","92.2"
"101","94.90000000000002","93.1","95.7","92.13749999999999","91.1","93.3"
"102","94.68333333333334","93.8","95.6","92.375","90.4","94.1"
"103","94.64999999999999","93.6","95.3","91.21249999999999","89.2","93.8"
"104","95.08333333333333","94.3","96.3","92.2125","90.1","94.7"
"105","94.7333333333333","93.8","95.4","92.56250000000001","89.7","94.4"
"106","94.05","90.3","96.7","92.35","89.8","94.5"
"107","94.8","93.6","96.1","92.85000000000001","90.6","94"
"108","93.45","91","95.3","92.00000000000001","87.1","94.8"
"109","94.46666666666668","92.2","95.8","91.62499999999999","88.2","94.2"
"110","91.53333333333335","86.5","95.2","88.73750000000001","76.2","93.6"
"111","95.66666666666667","94.5","96.1","93.88749999999999","93.4","94.8"
"112","94.01666666666665","91.9","96.2","91.45","89.4","93.9"
"113","94.78333333333335","93.1","95.9","93.1","91.2","94.4"
"114","95.64999999999999","94.8","96.2","93.43749999999999","91.6","94.7"
"115","94.88333333333333","92.3","96.9","92.175","90.8","93.7"
"116","95.73333333333333","95","96.7","92.725","90.6","94.2"
"117","95.48333333333333","93.6","96.7","93.4125","92","94.7"
"118","95.15000000000002","93.9","96.7","94.23750000000001","93.3","95.1"
"119","94.71666666666665","93","96.1","92.2125","88.1","94.8"
"120","95.86666666666666","95","96.4","93.325","92.4","94.4"
"121","95.33333333333333","93.6","96.2","93.53750000000001","90.3","95"
"122","93.26666666666667","90.5","94.8","92.22500000000001","89.9","94.5"
"123","94.89999999999999","93.9","95.9","93.55000000000001","91.3","95.7"
"124","96.48333333333333","95.9","97.2","94.35","93.3","95.4"
"125","95.43333333333334","94.2","96.6","93.91250000000001","92.5","95.4"
"126","96","95.2","96.5","94.5875","93.2","95.2"
"127","95.53333333333332","94.5","96.5","94.625","93.6","95.2"
"128","95.18333333333334","94","96.1","93.175","91.3","94.3"
"129","95.28333333333335","94.1","96.4","93.8125","92.5","95.7"
"130","95.95","95.3","96.4","93.9625","92.8","95.3"
"131","96.01666666666667","95.4","96.5","94.67500000000001","94.1","95.3"
"132","95.89999999999999","95.4","96.5","93.85000000000001","92.9","95"
"133","95.51666666666665","94.3","96.4","94.62500000000001","93.7","95.3"
"134","96.23333333333333","95.4","96.9","94.3625","93.3","95.6"
"135","95.78333333333335","94.8","96.6","93.94999999999999","92.5","95.2"
"136","95.33333333333336","94.2","96.8","93.4","90.9","95"
"137","96.36666666666666","95.8","97.2","94.7","92.9","95.7"
"138","95.98333333333333","95.2","96.9","94.12500000000001","93.1","95.2"
"139","96.75","96.3","97.2","95.48750000000001","94.8","95.9"
"140","96.56666666666666","96","97","95.45","94.6","96.4"
"141","96.36666666666666","95.5","97.3","95.52499999999999","94.7","96.7"
"142","96.73333333333333","96","97.5","95.16250000000001","94.4","96.4"
"143","96.60000000000001","95.9","97","95.2125","94.8","95.8"
"144","96.21666666666665","94.9","97.3","94.81249999999999","93.5","95.9"
"145","96.33333333333333","96","96.6","95.12499999999999","94.5","96.2"
"146","96.23333333333333","95.8","96.8","95.2","94.5","96"
"147","96.59999999999998","96.1","96.8","95.41250000000001","95","96.2"
"148","96.65000000000002","96.4","97.1","95.4375","94.6","96.1"
"149","96.51666666666665","95.9","97.1","94.925","93.8","95.7"
"150","96.48333333333333","95.5","97.4","95.48749999999998","94.6","96.2"
"151","96.11666666666666","95.4","96.9","95.15","94.2","96"
"152","96.5","96.1","96.7","94.97500000000001","94.1","95.7"
"153","96.76666666666667","96.4","97.3","95.57499999999999","95","95.9"
"154","96.93333333333334","96.6","97.7","95.5375","95","96"
"155","96.78333333333335","96.4","97.6","95.7125","95.3","96"
"156","96.89999999999999","96.5","97.8","95.6125","95.4","96.1"
"157","96.58333333333333","96.1","97.4","95.4","94.1","96.2"
"158","96.68333333333334","96.3","96.9","95.39999999999999","94.7","95.9"
"159","96.75","96.5","97.1","95.31250000000001","94.6","95.9"
"160","96.78333333333335","96.4","97.2","95.3125","94.7","95.7"
"161","96.91666666666667","96.6","97.4","95.80000000000001","95.3","96.3"
"162","96.91666666666667","96.6","97.5","95.60000000000001","95.2","96.2"
"163","96.94999999999999","96.6","97.5","95.79999999999998","95.4","96.4"
"164","96.78333333333335","96.2","97.4","95.64999999999999","95.1","96.2"
"165","96.8","96.4","97.5","95.65","95.1","96.1"
"166","96.95","96.5","97.5","95.60000000000001","94.9","96.1"
"167","96.88333333333334","96.5","97.5","95.6375","94.8","96.1"
"168","96.91666666666667","96.5","97.5","95.75000000000001","95.1","96.2"
"169","96.91666666666667","96.4","97.4","95.65","94.9","96.2"
"170","96.89999999999999","96.4","97.4","95.66250000000001","95.1","96.1"
"171","96.8","96.5","97.4","95.63750000000002","95","96.1"
"172","96.93333333333334","96.4","97.6","95.65","95","96.2"
"173","96.86666666666666","96.5","97.5","95.68750000000001","95","96.2"
"174","96.93333333333334","96.5","97.5","95.675","95","96.2"
"175","96.84999999999998","96.5","97.4","95.7125","95","96.2"
"176","96.85000000000001","96.4","97.4","95.7125","95","96.2"
"177","96.85000000000001","96.4","97.4","95.6875","95","96.2"
"178","96.86666666666667","96.4","97.4","95.6875","95","96.2"
"179","96.86666666666667","96.4","97.4","95.7","95","96.2"